Volatility (%),Return (%),Sharpe Ratio
12.414364129102013,9.41824898488085,0.7553547557783089
13.897745709676634,9.973572795817676,0.7146894901740709
15.188954769564427,14.259039735986844,0.9360775610759537
14.072052845659378,11.513611590102515,0.8152763293268417
15.582338131483652,13.10118584461057,0.8381403185073266
15.915171123839688,12.718424754919127,0.7965622647895586
13.153199418470699,8.798419170473979,0.6658014443372736
14.061293318211057,11.555073824501417,0.8188488472528564
12.992655798969297,9.659421779706872,0.7402968206446212
17.425557706956944,9.348063600006249,0.5341042023745682
13.805014701319262,8.258310439131897,0.5952409770593448
13.856719510439177,11.41942310477629,0.8211484035744663
13.542510922103462,10.945493084739107,0.8052046734510139
17.571696188022862,12.704039306825981,0.7206497979095099
12.836256921632588,8.758978083806214,0.6791682448420028
13.65840974323979,10.995381527767567,0.8020246671241812
14.040399775118646,13.277648947217891,0.9427544200468492
14.44735102665666,10.130565989109755,0.6983678856070984
14.55794788979968,10.920330814309246,0.7473121140880075
12.315429124152992,10.484943484140288,0.8480373179735694
12.012763332301342,8.999129441769831,0.7457176333177356
14.271530260155332,12.012650320227507,0.8388483997158415
14.944010811453335,10.572487831707393,0.7047296716110435
14.831854312893478,8.90310200154333,0.5975046554926996
15.019854177772121,9.894114411936316,0.6560059968170622
14.885968187112638,12.424988239356164,0.8319235997076404
16.305980518678805,11.787460485640809,0.7203774389516178
16.246172601945137,12.157913313836447,0.7458318713409275
14.884017703444139,10.847482876629142,0.7260460913136739
13.072158293970324,8.680155319508689,0.6608820919414351
15.487957870028996,11.28268360353551,0.725833818626888
15.817194554540592,10.834372277950651,0.6823822164375054
12.741340862045803,9.581481678068704,0.7487816063761474
13.444863096087841,7.613598922009919,0.5632336207434777
13.25611321780612,10.311381215579843,0.7747656531617633
12.3299966900334,8.410314998701113,0.678776743343833
14.633479607609162,9.841827264147158,0.6697537104606954
12.838412903287377,10.190866865541897,0.7905857945216066
11.718775707496333,8.642154993938487,0.7339636160487696
13.018069923770867,7.717161359517657,0.5896543346645468
15.454442962529246,12.585683576107746,0.8117202028260425
11.203784889717586,10.428099599071402,0.9271063039245151
16.196678908272684,12.151746197366817,0.7477302146911785
15.39804390461824,12.975032768259839,0.8399789511173308
15.233831465226233,13.340378990966187,0.8730160249786301
13.98536056171778,9.283083318251839,0.6608398315843392
17.21418825601252,12.520040232776624,0.724927603160026
13.75915931430996,9.20683645992788,0.6661625358458579
14.38816925074341,8.739660713863902,0.604570363489049
16.26828061152596,12.1950647143889,0.7471019835850282
16.628614792594146,12.54399754786449,0.751896517167078
13.53435814079553,9.06665945616939,0.666870150935645
14.70392674773627,12.630460191857026,0.8561971511314298
14.00360365085684,9.013538731207959,0.640730697248701
14.99721152136804,12.02800980222316,0.7992825723064623
14.858070113377039,10.713690243207816,0.7183093202393065
12.602295299213157,9.312186338239279,0.735674424231127
14.358357764592691,9.627179237061851,0.6676375804412048
14.911365778729923,9.661582411944623,0.6451845226456552
15.473000679992865,11.718020870253998,0.7546707398102035
12.85563665126204,8.154848039698386,0.6311510086823936
17.04037357416609,9.64751257680151,0.5637501158639726
12.35177059458657,9.512331787378178,0.7667995219672549
14.781047920723573,10.838724390619593,0.7305114257481559
16.872855011967896,12.26610317627174,0.7245426555020171
13.994287458847033,11.781861604692233,0.8389753061181968
18.22252425993141,11.314664473350074,0.6186664543583111
13.621628139108083,9.950620333922105,0.7274916208783664
13.971803959484264,12.920666798359878,0.9218327737569616
13.978011292282355,9.795357499812246,0.6978358577516599
15.518205185901099,11.01986742878341,0.7074830689027197
11.110250353008146,7.870810510559123,0.7047375407196984
17.133238216769495,12.773815112658685,0.7431645408511387
12.971685420738153,8.303785442822903,0.6369862646848484
10.447751445279009,9.878626089411965,0.9416022328763631
13.50583449553302,11.70685155479185,0.8637638465546328
13.869963517442091,8.72500114708243,0.6261012248634912
12.512294951171205,9.527532444522874,0.7581768557681654
13.692560395510839,8.919002194250691,0.648381452249163
12.911139307127383,11.455676322495083,0.8840952026746236
12.920058124405607,9.614229708002437,0.7409587182830772
13.137730589670873,9.30249123233963,0.704953657644737
13.61846169268448,12.461930733817494,0.9120656219556522
14.681051686456087,10.726164488151614,0.7278200987473633
13.5410189104978,9.47769059301066,0.6968966408941929
11.945775133676708,11.283080359711658,0.9410925815955431
11.924495033288633,8.822868728960682,0.7364562360456406
13.420081147686885,11.028645209787836,0.818746555171292
15.148428645938102,9.593084549282924,0.6305660324606815
12.71911435584229,9.069102058126468,0.7098058721344522
13.711286019655427,10.549831817720639,0.7664366276552032
15.399737389134883,12.669453633079385,0.8200434406101791
13.517785110005578,10.123642895787455,0.7458798030695499
14.267737751178586,10.045530617536931,0.7011995028231092
14.042728088731895,11.290180047346086,0.8010679959239974
14.568623284783861,12.545607618386793,0.8583245907282934
12.37783022484234,9.031684168780776,0.7263538120547531
12.243984669818271,9.256494710947884,0.7526548717154399
16.77774234297424,12.713998328989874,0.7553458665609293
16.766637372913454,13.259833165136198,0.7884009698027619
13.452251704779542,10.553776276731734,0.781488222748358
13.458551426668267,10.780525786183876,0.7979704089775508
13.392943226805448,10.422431032928417,0.7751418681556412
13.663968100801371,9.607026580990146,0.7000914017377655
11.20316295327367,10.438044222777982,0.9280454337888451
15.409019307935012,12.058908016734394,0.7799268581969824
16.149160040539638,12.307095892141218,0.7595500856607609
13.256494331914817,12.81853896120801,0.9638701334821431
14.533690649604166,9.418162436556958,0.6452017359274363
10.654267892318153,7.126925559246479,0.665078598629523
14.217150726616076,10.801160680834087,0.7568436804070648
12.871533040064998,9.991163386537126,0.7730363862304066
11.20512228684805,8.966039788523615,0.7965142691034555
11.717440081238765,11.974784320085785,1.0184634388865719
13.770205332484501,9.680262016792911,0.7000085898540294
11.444555908755442,9.638367569837305,0.838596765689704
16.208164418421475,11.27995436721677,0.6934131513648194
15.003762900373207,11.022163739595008,0.7318939796977103
11.553146288850975,9.012454030811659,0.7765377332293713
14.735027659734163,10.268024931299946,0.6940621468425837
13.342696541879933,9.104737867378901,0.6793033056646176
14.27807251171882,11.217273354744743,0.7827578509334326
13.376285247193511,10.854965376431554,0.808443089885545
15.163847015737463,12.164098978837542,0.799473838416851
14.47919345206598,11.889496985213638,0.8183119470320374
13.454287005805293,11.44372736304701,0.847516286677022
10.463732995829933,8.550315412071319,0.8132198533221844
17.30757914393834,13.882211843536762,0.7997196909184373
12.991851018583114,11.059994517408906,0.8481466191112953
13.43640183397282,9.611454447798263,0.7122780760843404
11.944221412621866,8.159159022518498,0.6796725162796934
12.709346868888547,10.09869851160483,0.791362342641325
15.883786214568108,11.82743439446149,0.7420418680560774
14.655456295571689,10.177928334279542,0.6916828879181693
12.120888044411322,10.49586958421132,0.8625498021188169
12.730149764608026,8.126231323318512,0.635124603623818
16.746405966380546,13.245417754478469,0.7884926342396786
15.958247817724908,12.84109603128854,0.8020990886650731
12.407023217281706,8.059789138743875,0.6463104806295943
12.801187583097375,10.083059796819386,0.7844631391917787
14.01835143432134,11.736868897008806,0.8343255590221282
11.555587257614619,8.952455806858037,0.7711815598974239
12.368736753094867,9.71803586343158,0.7823786742821754
14.263070943307046,10.519190287970204,0.734637745939776
12.877533431607294,9.729115396527357,0.7523269458379613
17.803930081601248,14.481425506481271,0.8110807804959954
11.996438214138404,8.261541552567317,0.6852485217553154
14.101952456862907,10.963373358772069,0.7745291577306762
12.240618037921564,9.774105973809244,0.7951482468986434
12.83367228289512,8.87555346193945,0.6883885817868556
15.315830827707819,12.333530956649067,0.8026029469071106
14.770848113252363,11.299517209904215,0.7622119680320255
14.110050031124535,14.067514947031814,0.9940797457196497
14.956983614144484,11.631903195032228,0.774949247391765
17.5580664566189,12.65661422239212,0.7185081713616812
11.8399805185114,8.683642766785718,0.7299541374475443
15.267803579547797,10.768299260246566,0.7026092000958456
12.414438856978755,11.423176430934914,0.9168498521813125
14.811044171917983,11.093090077650247,0.7462060033961155
15.333198844025869,10.613885388390507,0.6895420515928365
11.614449344440134,9.47466376973795,0.8122351297053844
14.673955344357084,9.521519959098121,0.646078016227839
14.011992100568154,9.615322017915247,0.6832948483839804
13.948160973139808,8.688157940957602,0.619949680650343
13.105783360209749,9.156373420348048,0.6955229740805179
13.128812301188741,9.683441062531568,0.7344488474146665
11.38566518908762,9.733298823017563,0.8512720743191156
11.32004937573033,10.263674549899967,0.9030591838068229
14.191017259901379,10.644438508166914,0.7471936869619875
17.131044813398283,14.292658253731549,0.8319199680445205
15.869910767590028,12.668349734387204,0.7956786852371677
12.46481835065649,8.902938319419231,0.7109560741374539
14.030116717227322,11.003754798731665,0.78137302915454
12.228961011724278,9.55198675263739,0.777742830606698
12.479171029710509,11.322530100709816,0.9040288071900497
12.207768485407627,9.174432039867114,0.748165567751766
15.67861077768424,10.345833120327889,0.6572542214642522
14.078687606517176,11.246005371607476,0.7958842247782071
14.256591817296119,9.431926198263833,0.658707657384898
16.301745778814045,14.968473378323038,0.9156978387997543
16.21020460182987,11.246614394926201,0.6912691523746264
12.207676002244492,10.925862715249867,0.8916408588537725
8.911295828142867,6.59764801912541,0.7357681919187088
13.57879559358453,9.119325084270557,0.6685662967457676
14.242429548220429,9.158946299046479,0.6401959910123447
11.664431752687848,9.112898056186083,0.7777402490349035
15.036566599171161,10.929894143000148,0.72416093602115
13.214343518128343,8.013329282994498,0.603308766118991
15.9473450413863,10.24553536499278,0.6398892943314469
16.313159467819947,13.137592295268757,0.8028237767860767
15.024017723017169,10.410467752899358,0.6901927263446365
13.139229044135984,11.411639593956073,0.8653962539020331
13.72016556303673,10.460710564891503,0.7594449583730295
14.62624798955085,12.429391711233183,0.8469972422239513
13.192978254285448,10.501526012414118,0.7928858678302033
15.702261262528078,13.38658101297666,0.849914594455551
13.942933246937592,7.471912071136407,0.532951850197556
14.70114609168291,11.466219413351803,0.7771652184189609
12.040917190402086,7.892105885060626,0.6520355352430134
15.90604261321634,7.734427792284102,0.4836795662732368
13.960767629151713,8.881664574685724,0.6332506069526853
14.99257628673582,11.641345108750311,0.7737392751513512
13.456603924895774,10.35907992723335,0.7667670078439398
12.610603763826427,8.106063438967432,0.6395461779635089
11.652356407448995,9.926299329623856,0.8483519542282869
18.020657638958216,14.07658739884344,0.7788609983078756
15.18969143350358,13.308998208832373,0.8734870136708262
13.441361319660677,10.548912075190383,0.7817595126931423
15.233227848733286,9.7728988658811,0.6388599292624874
13.929114903601004,10.080860167433636,0.7207823495546077
16.11128586005244,13.16944648349585,0.8148602537087078
12.254346460369383,9.101773850659994,0.7393926620209883
15.937234651692009,12.12738228016901,0.7583738675069225
13.633948539166408,10.919104104419633,0.7978689426008887
13.246703960582417,9.286478866207476,0.6979456092412727
15.208574331327126,13.984771249622385,0.9168361837112202
11.533671612679495,8.030464438733151,0.6927078130046607
14.791274361398033,10.543772986691108,0.7100654568413004
15.602405173465005,13.811321616718658,0.8825768504036692
15.252342843989453,11.707544212487967,0.7649017814391345
13.451631252047038,10.770657764832398,0.7976473309286993
14.960079898102316,12.432592354491115,0.8283105731315638
17.349275765371303,12.472352182542219,0.7165343585900495
16.516992784817756,13.401891146576355,0.808917901741626
16.13819754505224,13.35437903047266,0.8249607177819166
16.93780533926722,12.791137165738578,0.7527620556707959
12.590355588644814,8.373132641424188,0.661786919579849
10.376159270782205,7.513492557583175,0.7201597780620672
13.394882327594889,11.43604301196898,0.8507012404650971
11.498635405178609,11.600204720031972,1.0052675219901384
15.328307275437544,10.176686792017547,0.6612397970556879
14.63049363728578,10.817521845752598,0.7365795107752657
12.598289945147084,7.931640048217941,0.6263262778181613
12.410385738678995,9.16997161482477,0.7355912867698251
12.396004796403256,9.998524428955326,0.8032849770955668
14.136849664212402,10.812422703920795,0.7619393966669091
14.457567023065865,12.932881599663787,0.8917047784800751
15.538616235799212,9.961456202695885,0.6384388450137713
15.898142435819121,11.552417947078732,0.7240731421013733
12.606394629544482,9.543953668522178,0.7538201006535963
12.80277131181741,8.385828811909077,0.6517986308328811
15.273258134176142,13.277238706411005,0.8666283637800235
16.349146152416346,9.351993399010752,0.5695094601398875
12.937406549289381,9.390347450299918,0.7226600953352165
10.939653296248967,8.955198178980867,0.8148519827440421
13.457302440294347,9.422994694140229,0.69716755908289
13.395314695652544,11.242486619823133,0.8362242227469714
11.728175716845083,8.682346548997165,0.736802274934001
14.9196130070799,12.124276187003067,0.8098920649797762
11.628700046896853,10.712680391906094,0.9177019227315832
13.90844815460591,9.943640350204467,0.7119874367094733
16.415383687736156,14.340486218400553,0.8711027710600283
12.242075189779062,9.361803228529208,0.761374447063613
12.473913568987042,10.61224854423874,0.8474684777775954
10.959028730424325,9.724766990131716,0.8836336894753963
16.00159669480132,9.742572850824937,0.6062877996404467
16.97991849412093,12.203590724838614,0.7162926446937745
16.286102287498274,8.453912722561538,0.5165700530457528
14.22808197808444,11.288495089778811,0.7905137956826059
10.614346294052748,8.959515826773359,0.8402322271858071
14.016338007039309,10.007636095203756,0.7110727559650954
14.239242342910249,11.022269094799993,0.7711975700917536
7.679167146098574,5.624985763883937,0.7271603362248599
16.764550660223136,12.633748991586335,0.751153385904035
14.596637661359477,11.1885073466851,0.7637037792747993
15.249896407040136,11.142511840459266,0.7279729346446075
16.87764886164819,14.104420851238213,0.8332571062782999
15.988621416987215,13.664884790992454,0.8520987792304388
13.834531742801644,10.433601623151034,0.7512073278922861
16.290695089012093,12.094923612445626,0.7399269059167324
14.431466502375507,11.130098211810255,0.7683971833344118
17.43627447307577,12.492523306501054,0.7141160415734495
13.69703657097979,8.398789138440746,0.6101895906555856
13.516252284613994,10.200330714101948,0.7516381390473642
14.164041730789572,12.622639256224671,0.8882803012981034
15.671143016558798,11.728938212516447,0.7458255087179329
13.140025687878017,8.935153996770639,0.6768749322138468
12.669664916959114,11.222436076825824,0.8825360536456488
12.615717160248884,12.172900021844091,0.961649652393186
13.07693130460228,9.97381322056995,0.7595675919069947
17.127679437469162,13.760270755773373,0.8009999723465501
12.225718573981261,9.531749664097761,0.7762938110072276
12.714219051183628,10.536495252126915,0.8254927188115293
13.175076429999752,10.771080145848156,0.8144226109698824
14.442140009904417,10.478527188800003,0.7227133362259297
13.719018479222175,11.307183588982785,0.8212091561831282
15.705828969859278,11.214071363921988,0.7113964748606387
15.192770925536886,10.652308747484623,0.69844459575498
14.671310564132162,10.450971415273495,0.7095461151727903
15.38983030348099,12.842201343179148,0.8317961335989309
13.059943195095416,11.499380804400264,0.8773683494047195
15.834159124253851,10.656585424505295,0.6704230607512939
14.079740433228494,11.573421516286118,0.8190791279837341
14.362565280749742,12.129582886098502,0.8416729636940918
12.587088231265179,8.337716958268828,0.6591450545059769
12.528343274778129,11.316287597813199,0.8999823321023169
13.489158235266101,11.453075173976517,0.8460183337564199
15.217864102598448,12.784148815913705,0.8373809050994097
14.444560417978913,8.968994203520422,0.6180869438164343
14.60617455007106,13.280076080052611,0.9064027021358718
16.293651047560857,9.557105537967502,0.5840376420355493
16.076879756432465,11.364465686987765,0.7043322994598608
17.686241644385035,13.112401734662246,0.7390717597037982
14.533159058923534,11.988896824659076,0.8221128507723119
15.028138712576663,15.069522592052346,1.0000255440466064
13.831908048444339,12.094350075593212,0.871416295812409
13.235595370982638,10.130572209256636,0.7623058824672702
11.628275518363111,10.24394138387162,0.8774251493920456
14.633850049816614,11.48913868814016,0.7823053160424877
14.415470565226359,10.801682973253971,0.7464676872367504
15.961577753130163,11.976581292595668,0.7477695173495632
12.590642651398745,10.2458475060894,0.8105104551558138
11.95744461224645,8.996316915263144,0.7489323350987034
14.089090556773995,12.262049440542821,0.8674122287238033
13.557320134097775,8.70169834794871,0.6388208187373506
16.976673500309257,11.221167369584192,0.6585605459974551
11.118512102883077,10.739086036587912,0.9621868409725302
16.93536579478851,13.026119266850783,0.7667457215979752
14.96191083582801,9.131404176231053,0.6075697333032515
14.290286011501504,11.499005533543482,0.8018037934525266
14.770677935893788,11.531549400414667,0.7779297233535789
14.274529726622598,11.8030684041538,0.8239899057561979
14.20650390376165,12.661128530585469,0.8883345695800544
13.049717799481538,9.48680367054294,0.7238320257713328
15.778994961938423,11.883414611156113,0.7505176749040099
12.50114721013965,9.718058131915067,0.7740936067104328
13.472206418931085,9.085641557245056,0.6713556247576169
14.527434832393984,12.082723152432495,0.8288953481024242
15.544608485809356,10.18593735111013,0.6526338286597199
16.007177646034208,12.246064449248232,0.7624744798326173
15.6486182637054,13.6753726506367,0.8712828456081366
12.998422443161491,9.369714316316708,0.7176804998536244
15.635603299051294,10.566679818272773,0.673186676392041
12.53514806760488,7.9062147119516215,0.6274528764664562
11.903689034901157,8.998509942046528,0.7524986511142432
15.529451996610263,13.665257264564252,0.8773173237238588
14.50128331275983,12.388247545546486,0.8514589556830473
15.577447047467574,12.830157690583444,0.8210047289271689
14.263379860608763,11.94354220552992,0.8344825926147574
13.222497438672509,9.82402791319824,0.7398774670649829
15.180684301361527,11.08284652796407,0.7273615805957936
12.922289312483226,8.174890282191278,0.629446538883304
12.267424001371491,8.179213226981531,0.6634003378436812
12.162587894126519,10.068974437942819,0.8244934815875382
15.076761222378895,10.760469478880019,0.7109928532242578
14.191992600365316,12.189727114760254,0.8560268777512986
14.432320897508829,12.016334537370671,0.8297580564078048
11.94511666727073,9.027294231169389,0.7522985736750125
14.837378236796466,10.251313424243106,0.6881480852811104
15.38735043192569,9.382328973879304,0.6070784580624033
13.565010215491549,11.824709783077154,0.8686841805411905
13.310305501444347,11.942042951878578,0.8941224489991725
15.506560064071195,12.349677854574002,0.7937723004790271
15.23125430192825,12.536545708091824,0.8203884893780488
11.533721932053096,10.441723413094367,0.9017664440296553
15.16704824820112,9.750762306904528,0.6401880015154663
9.894628584018045,7.632761482538522,0.7672608848401699
13.108148430377215,10.439761026573665,0.7933051019223482
15.871004057557725,10.289469990732911,0.6457354527518138
11.0155268601663,7.795857525316752,0.7039933381089025
15.47407431148193,11.859185501878272,0.7637410331620968
14.65093441846582,12.758862550083656,0.868058117443639
12.14000395566392,10.435396711670364,0.8562103232940759
13.654969337450176,8.637824555322767,0.6295747974874671
15.001230819434147,12.153022220869241,0.8074018969948835
12.657936738989084,10.63660329501572,0.8370719109678477
12.738126717955685,9.935610415376656,0.7767712344570411
11.430744839419242,8.913919886050705,0.7762328711469608
16.10030995195858,11.822045195198202,0.7317278506035876
13.391632782250337,10.610219644270357,0.7892405516285594
13.879328213241815,10.103876259350733,0.7250261759607407
13.316255528798104,10.166359576417113,0.760375884535989
12.364258949818012,10.369497744334474,0.8353511347711217
13.31232192351589,10.79176339349154,0.8075798839044434
13.147475434142459,10.522379466732362,0.7972161286199054
14.782318775892383,9.767454257521846,0.6579789277298058
14.553238471963152,12.768102584016278,0.874520307527089
12.265068839161607,7.6818412510265635,0.6229758145857143
12.727484002882978,9.865524753223664,0.7719141309467175
12.807716324733228,10.838340481454917,0.8430340122855442
13.952369064633416,12.114117035671097,0.8653094667825363
12.76543277327749,11.407239573136637,0.8903920278308266
17.06465772881574,12.836419594636109,0.7498198790726107
11.659932443151087,7.118746951161545,0.6070144047291572
12.564178630616388,10.581768038525343,0.8389540095235196
15.477969997333552,12.186779014369636,0.784713952570139
16.63528997957295,12.471823480707627,0.7472561942696441
15.218870674766968,11.128600584265328,0.7285429268183923
12.255459247018356,9.669901933315941,0.7856826691874943
17.626452962723434,14.115086248230565,0.7984638927635955
15.160137136249368,12.813417573815816,0.8425001343342546
16.01556785854047,9.862957224723257,0.6132756147941139
11.897467263837054,7.089848722853559,0.5924663263650144
13.938139253281733,10.986752865375877,0.7853094782934315
14.577459430997827,11.279596858531082,0.7709571693016058
17.013243002359705,12.221744260546764,0.7159566379471167
15.66469737416438,13.82281700315217,0.8798010375790838
12.486713568193277,10.009468516653937,0.7983260336848017
12.16336312730678,9.213750175414646,0.7541294360292342
13.626964381298437,11.477671376509816,0.8392677236469065
11.467003600809894,7.340042995599405,0.6365257437508685
12.419704921100616,10.114369369494835,0.8110796056338307
15.609178869935095,11.638625135852518,0.7430003354110287
13.272707358690036,8.468750088384212,0.6349684251017794
15.838511807356422,9.058050810870535,0.5693117459862888
13.155609477663369,11.124557970312484,0.8424967303210864
14.67863685206702,9.3089584167315,0.6313909465936819
12.537806814868944,8.782037663884385,0.6971743777004235
16.25104759319769,12.764206248928758,0.7829160659313062
17.335315902084545,8.741718345237453,0.5019071123008035
17.939139142337126,13.516592042914175,0.7511838743204353
16.87331632546062,11.836410910224677,0.6990570604325274
11.8319957776924,8.462595748424938,0.7117646005505426
12.015357108795174,9.030010010833157,0.7481267455840537
11.062269996687697,7.1660172481517,0.6440827470568967
11.901566133506158,8.107621942596198,0.6777781891986849
15.621694407461684,9.230140879778087,0.5882294609084726
15.070607736003025,11.331725279516142,0.7491884519390078
14.408541304304512,11.937903701145592,0.825684116794767
17.256738544689163,9.755599832804329,0.5629452985943302
10.467979571987806,7.2354771456725615,0.6872842171878993
15.216078158296712,8.449525076980754,0.5526079052371274
12.702894826793553,9.517987200116682,0.7460494107317465
16.40203494021593,13.96389048467038,0.8488514099267664
14.938177928065652,12.311784173105508,0.8214378107018875
11.283232469420408,9.363042373922179,0.82618543925126
16.22275985067143,13.868531025136313,0.8523538012284646
14.146601597206795,11.732799644880373,0.8264740874012374
15.26463014238735,12.880050747219485,0.8410980565829477
14.352199471160896,9.398126984543467,0.651964669481186
12.556775160814116,10.800316365903187,0.856853469788943
13.083539733780686,9.583805535066107,0.7293749038287645
11.011838277551314,8.707866674212477,0.7870499416869129
13.12131580908131,8.344462927122548,0.632822427867767
18.505410693962034,10.25148831647195,0.5517569150628707
14.112120812941034,10.502792834639669,0.7413338486335832
16.057221678379992,12.81647822441712,0.7956219625228487
12.798285188904353,8.554827184754378,0.6652318696676298
14.034183172507579,7.213698668985097,0.5110877192365663
14.17539710630049,10.248348655581202,0.7200749706718534
12.728652184226688,9.933201984124867,0.7771602083984397
16.113559379610457,9.064218879956899,0.5599767666090317
12.060211601495743,9.454793835607902,0.7805662244301231
12.876568384562823,11.14548164776092,0.8623789596825826
16.278448244751853,12.03914523500539,0.7370570618654375
14.744473292787783,10.459474228889666,0.7066019939814218
11.98641449124496,8.528730335131112,0.7081125336797476
17.498270091122954,10.184151992981446,0.5796659864181184
17.545856720013177,10.502787249575018,0.5962539998199166
12.593293956634625,9.641641084324545,0.76236138990995
13.922745013283972,9.164826838033434,0.6553181020932443
15.675029878123256,9.397215850032786,0.5968866358009768
15.254674516494712,10.596832806155154,0.691973650092714
13.974525893909368,9.115245629750184,0.6493419310708127
13.201189919953032,9.031563449705235,0.681041898815226
13.668204231315324,7.810048320083969,0.5684030022235288
10.45966669317059,8.408788075174781,0.8000052315852804
12.478982103819824,8.738094104851191,0.6969393843580403
12.257806308613379,7.71437563705372,0.6259990934643626
14.557927854068792,12.01503386141106,0.8225094932081588
12.981156801761287,9.949433918179757,0.7632936008318902
13.740917823000506,10.791250377994329,0.7823531525674223
12.947294052030433,9.781036136483708,0.7522835348716164
17.338485449608136,10.523560009059699,0.604583372609204
15.419741412119958,10.6346799346924,0.6870205959722346
11.414246699495047,11.225357958493529,0.9798594907702767
11.981456450303323,8.081005319726017,0.6710373945834003
13.254519092576952,10.832479143739887,0.8141735711696652
14.001177044505427,11.750007733339457,0.8362873847048808
12.652792451485201,8.931918250907067,0.702684271871024
13.936726230582499,11.671509969154686,0.8345223818512633
13.931598825032909,13.033547343250227,0.9325955697134091
14.417216704028036,12.035957124702236,0.831988404623963
17.76810636313779,11.585425301100472,0.6497273859779936
14.011333229866127,8.478525236524668,0.6021928890064151
13.960799643701533,11.948478968071283,0.8529224164780121
15.802618121137277,11.86990912593721,0.7485410983965429
10.688368025009177,8.865163625897116,0.8255856839182462
12.643499966577886,9.17294007382545,0.722263621462809
15.830726965503725,10.577091115074287,0.665546891057699
13.990428275396944,13.188226401453878,0.9397300885044463
15.908949078510743,11.8165235435659,0.7401823643694899
14.1288240987836,10.216559153902333,0.7201985871406228
17.925683983887154,11.845148064204324,0.6585047507707215
13.411576852432225,9.880780681632613,0.7336781341895784
16.37526466225554,13.344297484468754,0.8124019830429018
16.66188268688148,12.727991228027197,0.761438035931926
13.460430380774573,10.105912572360362,0.7477407696217497
15.73362260715524,11.319263379523761,0.7168255945324824
12.203519045491195,9.053083970159681,0.7384823948375246
15.770372454362395,11.31942054628446,0.7151651350608798
12.313626242076582,8.867414440196638,0.7168005806474879
14.84404482354676,8.11157717610774,0.5436912426527825
11.098097444126205,8.951605463139975,0.8028948662598033
13.453349345504275,8.568190214455823,0.63383399891458
12.53830325688899,9.503071980709759,0.7546533041072332
13.735255401766185,8.866070670777093,0.6425123095739667
14.603369600779953,11.14972762264084,0.7606961904222114
17.00950983904321,12.166838688045742,0.7128858387331297
17.03265203343039,14.67802007035544,0.8593506191300693
13.775674005754016,8.440154241509195,0.6097091320541498
13.78163533713904,12.346923377854747,0.8929218541062748
15.85689229461111,12.187697385433328,0.7660200472927047
17.500869377554935,12.599718766756512,0.717605422669071
14.75413898859117,8.508709138555892,0.573920927890381
12.40593754111883,9.767087490801272,0.7839864950605034
14.163744792516505,11.185121386655188,0.7868061413068702
16.326431343136303,10.555204548240283,0.6439989442432866
13.870713953414787,10.44960514668401,0.7504015425335441
12.388064738761583,11.316011244291355,0.9101511399930334
16.735574655288836,10.91826786944076,0.6499488719978483
13.384599902079152,10.36974959481104,0.7716890807626293
14.672248042559374,10.369838211260287,0.7039710739144893
13.595939195015076,10.907149213877144,0.7992201978853506
15.73285761282183,12.033844803742857,0.7622801336464795
18.93677635876584,13.632351104298044,0.7177225334874171
16.105154992387078,11.75461310931915,0.7273207314587277
16.222611234852884,11.980237924895418,0.7359627714707847
14.786035920983705,9.44711467271521,0.6361485068061047
13.071337471058001,11.446243351933335,0.8725383593826063
12.075595056081898,10.408503112396886,0.8585500809068015
16.203101821429573,10.198048666980606,0.626858287932703
13.936366376785445,11.83033280114457,0.8459402172995892
13.344640909519143,11.258978541702696,0.8406354744023548
14.282914635251526,11.862976876507766,0.8277005904194131
16.232518052617404,10.412474480760245,0.6389319541885802
14.819080540699408,12.471994063632343,0.8388505636022168
13.672392905011712,12.243016018246006,0.8924565072858074
14.21869161520419,11.537655761524068,0.8085593296946239
16.9055204234713,11.863587086949213,0.6993329273989671
16.0635485220672,9.394095878953165,0.5822558985708797
16.23067903673771,11.287161083017097,0.6928952915378161
15.333780647459843,11.592776069461948,0.7533547228207929
17.144509818178292,10.1040430029287,0.5869542558900619
14.362038806692286,10.706685817002572,0.7426303438222627
13.3577456051177,8.183185207296892,0.6095478569510568
16.101915591495008,13.262050816484857,0.8210855870756262
13.49787806513359,9.869391220298617,0.7281434291280467
14.741270452318478,10.53400942736758,0.7118117438593808
14.784991054312199,12.63725249775801,0.851962131832618
14.82800333346005,10.282623341596809,0.6906947018609126
13.147073952711441,9.900172644307858,0.7499138348023447
12.451646593741135,7.797463911949203,0.6229267634248483
15.428974715075332,10.837426115633509,0.6997500686215101
15.641271528561063,11.545453164695136,0.7355190493105327
13.690019053895647,10.152942850564047,0.7386361414658938
15.939673218825712,9.456015661205772,0.5906655382424071
15.49896051940144,14.830838936508039,0.954247152123155
16.366964558627767,12.343208980544553,0.7516487823063991
14.293691325799932,12.78269955081847,0.8914212053691032
13.044899504445894,10.67172581551219,0.814933515730733
14.06319823582806,9.687453469647417,0.6859359661923603
12.803710706609802,8.232982735045313,0.6398131700067445
16.55358358105129,12.856560213036195,0.77418645638193
17.774464021496193,12.457780894083633,0.6985741386669634
15.309239311084418,11.528009889445828,0.7503318522905861
16.945546757934377,12.87337124741777,0.7572710064022747
13.332816062630243,10.011184907446,0.7477928789095678
15.752390994832469,13.80649191856408,0.8738668258729619
14.566442416209831,11.993256713752883,0.8205336877899693
13.359023540328394,9.95414382759778,0.7420560191148592
9.979730123760984,7.894651527988467,0.7869603116109839
11.769847632447215,10.88375168882021,0.9212312705670734
13.43846189352696,10.478644807440563,0.7766993641190566
14.159483959368673,11.9036612766305,0.837789096740459
13.885051356102016,9.142282270661573,0.6554734323443365
18.258295764699888,10.74555543441806,0.5862844797987098
15.713687329059917,12.484227602655954,0.7918719102704953
14.555758057299004,11.403707937088582,0.7806331963171603
13.90830822574377,10.964396101492598,0.7853863981295576
14.017765490169543,12.281026461901225,0.873179571343591
15.29385778258593,10.373421300871804,0.6755928718414412
14.115716767772504,11.785169516713836,0.8319924315516778
15.950265136910035,11.582293774333818,0.7235800580911005
18.18966105282971,13.210577168961668,0.7240144349425861
16.080040746839213,11.630956607757915,0.7207666193281322
12.467940586103095,9.127749650371328,0.7288091876616352
18.390653388635915,12.98026535401722,0.7035783384408052
13.669390899936248,9.155027603866179,0.6667471631021017
15.335706234986498,12.173720005208205,0.7911419154292954
13.590315818497395,10.394372167428372,0.7618198359552977
14.062019340455127,9.63064482158298,0.6819536077577748
12.747488518232455,8.635788220675702,0.6742338467991372
13.80984829760658,10.700410566658078,0.7718702144255624
13.684948217436373,11.800896480052113,0.8593307254950736
17.747308436813956,9.139908562174687,0.5126923101928208
13.675774707687305,12.316963539227917,0.8976430075531634
15.44199708169999,10.700317245843626,0.6902810037748146
12.347036918422786,7.40732815441497,0.5966069594741236
14.150718424086833,10.456067238225616,0.7360097859411485
17.332775468511695,13.983909030419522,0.804424487915942
13.116962210211181,10.28193927725011,0.7807401678170446
16.97710303911617,11.512276603879341,0.6756910514973548
13.139035885118336,12.570408043205486,0.9536017827150215
16.075919854688735,12.118257468200765,0.7512638516096041
17.485347367579404,14.34341821732265,0.8179659183575382
12.936637221825547,9.951130790173913,0.7660515341231351
14.702832143842945,11.240126978269759,0.7616986216468219
14.2230142622284,10.659515466387735,0.7465727918579806
14.092544968735025,9.99777355567669,0.7065277121886969
14.966879858088342,12.843414121699514,0.8553829684669302
12.361210248252315,10.066731774733158,0.8110639309084353
12.669882080033052,8.36246675401593,0.6567911762280759
13.792644257306558,8.983440892620367,0.6483485491103833
11.898908039059233,10.155802742569795,0.8500614265920072
11.938241188395423,7.51295096137155,0.6258837330774206
16.075156493297403,9.942414950378524,0.6159451669728351
13.661583965668148,10.360048636689717,0.7553332514459309
14.532967804799746,11.243721684996611,0.7708488613933854
14.367734497701552,12.837063586990565,0.8906110833992366
15.961430972598045,10.720613956283525,0.669088753672391
13.112904363770816,9.273272246646878,0.7040600610307506
14.036373815387137,11.511699911271473,0.8172124839463104
14.051540836769686,9.514449096658085,0.6741929021668729
13.95701907581199,12.026582165161932,0.858749429234024
12.996309002527608,10.344159731775513,0.792775835798586
16.39820671929837,9.636506361768424,0.5851558360022301
13.502650156829704,10.494241560225616,0.774162215477257
13.51148899685658,9.874793879878851,0.7278097833752196
15.216149243633575,9.273551438599448,0.606760047550292
15.825032455965719,11.129274728053284,0.7006794304471222
13.125893358988542,9.0352171509188,0.6852270474039475
15.279270203842415,12.297750023121722,0.8021816395418812
15.527752828210309,10.898928320405442,0.6992594769205185
13.46740453129727,9.286364183896163,0.6864993297268682
15.529204413691271,12.664597178419424,0.8128940055222579
13.138535765058027,10.454151952655444,0.792565635841191
15.507132698031246,13.158163420104069,0.845879356005601
15.044563630981564,12.456846709073082,0.8252713082023121
12.039968126484917,8.135072011246788,0.6722668969066333
14.233029612900246,12.833623359883944,0.8987983379370773
17.406529790841994,13.472850071568852,0.7716558230139404
10.794694863977142,9.116083157107758,0.8406984422868791
16.547315230800983,13.480522958347901,0.8121875223197372
12.738785915818006,10.532629983252066,0.8235973233700709
12.8177969976326,9.780357061462375,0.7598308089339532
12.564725234169805,6.7791157432592115,0.5362724307679158
15.003254991634641,11.177192979342266,0.7422517970634684
13.452605746505425,9.979488193818556,0.738777927569926
15.892560491838761,10.322874198961662,0.6469614637768198
17.216672493912387,13.141313130568022,0.7609085399748493
15.327452054453468,9.504654649286588,0.6174316915600382
16.092473842443656,10.544193406306452,0.6526773639118454
11.151893412540627,7.884151045287949,0.7033021887088786
13.398369370127504,9.977222894783178,0.7415994155928112
12.055963604445038,12.020441172476248,0.9936527320022286
12.3366100943231,9.911273702540429,0.8000798944827154
14.288128187854513,9.533269206861593,0.6643465877448108
13.709037136692437,11.754787853665563,0.8544573726708669
19.137668759245177,13.792691867659427,0.718566719941589
15.749014718223714,11.766265286980754,0.7445078626673106
11.903386279215251,8.442625972684183,0.7058181407885953
14.840574003484857,12.514509968081356,0.8405005065944439
15.07329947528731,9.836315969562563,0.6498455089824223
12.691781887590395,9.128726224750691,0.7160323353520887
14.366278181392907,10.937851886189067,0.7585020802606054
15.22611323842725,10.400481737877946,0.6803759814246598
12.438562782239272,9.962490881551727,0.7976396514007541
15.547218052536445,10.807430571370217,0.6924988467382903
10.741496965033013,7.033515501166507,0.6509814715704307
14.191648822162112,10.574227578155133,0.7422130937813317
14.184429562238407,10.924870600618746,0.7673111246992714
13.755129467222368,10.694428594054655,0.7745058757491976
15.256409897385689,11.54818970254647,0.754252788168619
15.91195619222064,11.782077385124378,0.737877684131923
16.064899764625792,11.086744737318995,0.6875700999791634
11.869775980307349,10.80848174637902,0.907134369194743
12.403522943170065,8.147802514306088,0.6535887063255731
13.144050998709686,10.482809144436475,0.794413316371149
18.497085660128743,12.783364996451386,0.6888850076484263
15.536657902475747,12.622070491165113,0.8097668475509353
15.593444748026705,13.067305766371225,0.8353706302143186
13.555293756570066,9.818999335433093,0.721341751129062
14.892184431812552,11.883642617722309,0.7952253527309372
14.54835713442892,10.24436908228394,0.7013416695784505
12.279036201507218,10.093719803827153,0.8186896462275443
14.518030695520492,10.797528703397735,0.7409082491275237
16.407296620310323,11.477282630283932,0.6970241895991047
11.634106224028097,9.881963602653556,0.8458719056844147
11.835198155912257,10.271622936446482,0.864423459723468
13.13290888430177,10.189825363550284,0.7727781752663748
16.743251702944814,13.302974951695095,0.7920788140192965
13.958992655154336,9.079848573109711,0.6475287147437627
13.456799553448812,11.02588653342889,0.8163075098055985
13.060839927020773,7.904983586304182,0.6021039711263031
14.930989104757714,11.337946177072496,0.7566107039400864
13.322768555549318,10.403539427420604,0.777806758723907
12.712202916358727,7.848868248414777,0.6142026130158136
16.903344171799898,8.382165840568273,0.49346246256311604
13.24128685335539,8.515426430138332,0.640000214782061
13.13705055472077,10.51659071506475,0.7974081146624171
15.21673964332484,9.395971948300218,0.6147816265229973
14.623956983453755,12.171680446078845,0.8295073939156192
14.760809805340177,13.688774266149222,0.9245952252031403
13.626094498051858,10.466339279825723,0.7651010552815591
13.800329404730585,9.617725514099776,0.6939490524637036
13.272512640170856,9.914764398714048,0.7439257860512344
10.07999450091621,8.496178606622568,0.8388078590572686
13.249567730679887,9.158721488216997,0.6881523739906291
14.413081754762134,12.091589044922161,0.8360869139551368
11.92104054597443,10.081776739445745,0.8422735163698756
12.270594789172346,8.354041244962543,0.6774766331863574
16.595005343223296,11.990371863939826,0.7200583318172565
12.75723782677579,9.518970971942583,0.7429485207251956
15.349317784708921,11.076468089834986,0.7189549558240681
13.509846651969164,9.007256573081193,0.6636830753200512
14.301673640857008,10.63651540207231,0.7408584245555047
15.324299368280094,11.681507574538244,0.7596110787702983
14.437641708006538,8.96030836239107,0.6177815285057793
15.381466677071339,13.977276122327634,0.9060433842178389
11.44560979338692,11.172692975470461,0.972573167914755
13.66980650819932,11.996876211355639,0.8746192716176601
17.70791259123131,13.499701307075762,0.7600388378774982
12.819343627861299,9.132370892172323,0.7091916057553309
12.270437794243561,8.907201260346746,0.7225660085662268
10.210440153788248,8.743116457389863,0.8522763295528674
17.381068994906496,12.69802286880346,0.7282073888845724
13.276892733336357,10.965641967993896,0.8228312292200494
15.20906915721664,10.725082847844467,0.7024810484719846
14.310766985237688,10.802645167478273,0.751996393944467
14.622517043997213,11.428318911099156,0.7787523089791056
16.005051558285714,12.251279539330959,0.7629016060875964
12.978470971301109,10.31607263147303,0.7917013224588613
13.892415846011255,10.230099469802303,0.7334289142178078
14.358809675721307,9.675635744030684,0.6709912563519436
14.741905378856506,10.80448816820956,0.7301286971796082
15.440092705312075,12.894285371092668,0.8324616708208344
14.197986818410433,11.551439956526737,0.8107093001101556
12.889901006119592,10.76327729325838,0.8318355034819807
12.76806316575069,11.591875138796546,0.9046693291572089
12.607705837588009,8.415237275193117,0.6642157885875294
15.595483915235484,12.931909734408842,0.8265796562949548
11.506107159879644,8.61629963595002,0.7452824414716922
13.166573844024471,8.096026353250657,0.6117784663400765
14.229967261553607,10.085463505826722,0.7058669441190324
11.901369801049617,9.294928598733444,0.7775515552770499
15.008503938304834,10.685451597718572,0.7092280244236543
15.695862525342354,10.492471449022384,0.6658742985387112
15.729954803454065,13.852286623295793,0.8780245586124023
14.256174870513252,11.401431863046815,0.7968779820836902
15.699336785145675,11.917847960016942,0.7565190888353017
15.66083749053331,10.866974292493952,0.6912768425723116
13.66027888622878,8.268346545503306,0.6022824727097973
12.427355258279533,9.197276486171727,0.7367839975502027
15.459560198667935,10.98974372730138,0.7082183184127562
13.518995471165221,7.927038665457617,0.5833302246663086
16.770244375791474,13.083037463928163,0.7776891720644733
14.538342915886265,9.399430490277672,0.6437068202629596
12.019560846641104,9.097796656639808,0.7535047887519744
14.32928692807721,12.855893686231035,0.8943148218437283
12.511631311138691,11.334848322167506,0.9026679288505701
14.100810193596717,12.348446398104954,0.8728183862579654
15.619834552253284,11.631797912902103,0.7420563818475298
12.514954527649369,9.379567125481039,0.7461926533451866
14.582547021922132,9.916749882463307,0.6772307929209461
15.794132255575382,11.931367609337634,0.7528344968201905
12.144749239024915,10.146283830833461,0.8320701919774508
14.749941115852018,11.93658768392467,0.8064837405445825
15.214391826820508,12.701262331520862,0.8321241148267833
14.501495738993409,10.3701882234614,0.7122843332420534
15.41367498559839,10.814240745272082,0.6989404379771825
14.853608672202498,9.900846547528985,0.6638014212654604
14.697479848287328,12.784960262907989,0.8670847243510947
15.161042665457611,11.445790177305254,0.7522431292466136
14.43270828341325,9.894176529449766,0.6826976847286175
13.059228337827022,10.6494606532377,0.8123344181454817
12.70264702946193,8.606954892841562,0.6743440853685129
14.611387633651649,9.146261638956831,0.6231620067341449
12.532473275610393,10.722842977600797,0.8523331941500221
13.513989244370562,11.396137719438434,0.8402506109858399
13.659277930600682,11.415454139499909,0.8327273372202116
13.672778718284476,10.566678057321386,0.7698272804814356
12.853409232356295,10.607015861263438,0.8220399483325614
10.894094941074098,9.446621479580656,0.8633687819369521
13.282246131354169,9.945896502076423,0.7457245110595301
15.363068866129698,12.694747633955647,0.8236471335393688
14.533999648128631,12.373180441633773,0.8485056240676075
13.53534552202673,11.145534686088599,0.8204101378880684
12.514211183961121,9.55627343729695,0.7603574286401871
17.41061066352142,10.666396149722424,0.610282795650854
12.880545179035208,10.136231906631323,0.7837581225259509
13.506813822974657,11.944537777069678,0.8812987232282822
15.248355514870223,12.682920262657982,0.8290677804783315
13.497427080411883,10.098149227091154,0.7451160259785047
15.230733156114058,11.78245890495275,0.7709056934163007
14.703686543013363,10.397375839104187,0.7043387254487647
11.744786692618963,10.058410294191223,0.8529239871582075
16.656553803921252,13.347803618989479,0.7988929628322528
15.420478755847691,12.241817951296682,0.7912087649464149
11.283213593143298,8.206479604984297,0.723683863429332
12.745183974398982,11.27165410635629,0.8811684577417713
11.14730362402166,7.414850188626576,0.6614918223575111
16.418497483213436,10.186133195307143,0.6179087462588893
13.891636970891675,11.461296802976378,0.8220987077985333
14.518065915638466,9.219756510856323,0.6322299791302928
13.742680236587656,10.649632585298784,0.7719478589813231
11.233706056298074,10.071281324283813,0.8928737563558046
17.091162816858677,13.35294107913248,0.7788786065510778
15.92375039414894,10.83409520957282,0.6777985677003993
13.837941180021149,9.233958845094413,0.6643299552658138
12.281814505109901,9.942876705207679,0.8062226229754537
12.155758178517278,8.224589582489159,0.6732274089617805
11.887874864727038,9.198638451303296,0.7703343579494826
11.298146764850225,9.477310433181671,0.8352086965748284
14.80008175239543,9.55540226338246,0.6428614667511907
15.857710277369113,11.769303595315595,0.7395962840898483
12.729150878186097,8.43290073437408,0.6592663418543692
17.142672455554095,11.724430920858538,0.6815408129129361
14.67972396232136,10.839919828161351,0.7356350743296727
14.95121072278584,10.041012466854768,0.6688429888567231
15.370467327831483,7.8990471588769235,0.5112432167009175
12.488978621263447,8.996535634163548,0.7170751032367098
15.569842555381411,10.99026853627488,0.7032356619746601
14.351494578602827,7.872389262700288,0.5456845779934583
14.793588016613018,12.19611603568404,0.8216475963798636
19.719144986158767,14.355596830893724,0.7259238086104344
16.692579730238926,13.020110420244357,0.7775377221492284
15.376252673117763,11.401734571953066,0.7388493681438384
14.14622754023734,8.680459969087932,0.6107253643781685
17.960451121299297,14.103001441148438,0.7829425522876935
12.655728581361858,11.36104913575858,0.8944604858569472
14.075529842577609,9.492760274126585,0.6715029828245324
12.299002750954514,7.674172937860613,0.6206334848789434
10.888206009825595,9.557188926978766,0.873990528686846
11.622769343415452,9.614564023032605,0.8236904424551996
13.780592713699798,7.955464225887401,0.5743195804647313
15.582105417372565,9.247766771148413,0.5908551203153679
14.87139090941029,12.236351464875428,0.8200545288039249
14.289946781668,11.750933638023431,0.8194525715830961
13.713587775391092,9.956165169519767,0.7230175889720443
15.43631957712795,11.292781095647998,0.728916050191122
13.170886934556133,9.556729037132593,0.7224820229962196
13.390835573070287,9.271003310541612,0.6892776227574372
10.398972587515397,7.219800686101292,0.6903374949482877
12.457409873223781,9.606790185075962,0.7678795417687004
12.381277979818147,7.9773728375802015,0.6409978719900099
15.33665653377638,10.289535076822634,0.6682378948926696
15.536542100772635,12.486212667817487,0.8010284777073132
13.678740490575839,11.925037755431541,0.8687961997392388
14.559346774695475,11.760767079877695,0.8049651719434937
14.149460353604336,7.757831517084847,0.5453799172714819
12.972621212437888,8.334356120874066,0.6392968687717917
12.998669145943776,9.96579070781456,0.7635236035614908
15.644238321665743,12.543454020570563,0.7991730734027418
12.890325531727056,10.867580964986127,0.8398997324263519
15.748426306282656,10.241970327552963,0.647745376532219
13.455508151834819,9.101019497781174,0.6733316494290653
14.440482754681202,10.16780816729113,0.7012790596635905
14.793332710997669,11.65652581349032,0.7851865458859787
14.061132045331279,11.08735261046599,0.7855948279878158
10.888419639055535,8.2210030864104,0.7512571481971222
17.0534257316571,11.133749645684516,0.650470457973292
12.66357661707142,9.935234290982557,0.7813143624562124
13.140541318177831,10.111628539787244,0.7663785148528199
15.081311455710514,10.560549862993389,0.6975222210539375
14.976601521418376,10.8545973631031,0.7220327887897885
14.45007388931473,8.602132729433155,0.59246290330486
15.118111730579454,10.646123280270102,0.7014846476375144
13.006651756487,10.83852162822281,0.8301538190132293
17.948969299503784,14.84328484227192,0.8246871781479477
15.714469098248824,12.460073658145243,0.790295464676512
14.253989409030096,11.738321115617468,0.8206348959546059
13.940600452630006,9.142483639517584,0.6528760127976063
15.54449087332888,12.363927367298313,0.7927520732404236
16.30834052342334,9.153242764725023,0.5587473938036365
16.820024335682866,13.041602243679588,0.7729241042832168
14.517900026731018,10.566592901727882,0.7250079475921228
14.353652662388457,12.508726647508714,0.8686100284548809
14.7901803487345,9.76767926364435,0.6576443988038725
15.475632599527298,9.726894588568323,0.6258803655537918
13.860630791299572,11.903735660269248,0.8558582822735298
11.970035921665529,8.325184632434306,0.6920768397561861
13.518162876997502,11.555464992768277,0.8517773529982601
11.422945754241873,9.831568764535529,0.8570966697359859
12.865840661092514,9.56300315596493,0.7400995711660213
14.03448391877435,12.15415475748141,0.863099407686611
12.364126621508069,9.390504607585873,0.7561799465335386
17.6790492514479,12.677126282185537,0.7147514610351938
14.75005728076134,10.7528021725411,0.7262210558675335
14.85392217735031,10.534986162526149,0.7064791398010475
14.106263474901409,10.227630934239254,0.722135309067765
13.485034960783878,10.167447404653807,0.7509396478468723
16.68354516334505,11.449336533975513,0.6838076932857441
13.140432026996862,12.056678186115562,0.9144051094689651
14.006742274327403,10.65890259031836,0.7580565403691079
19.324692733746385,11.285660872836589,0.5818804483861327
11.212638602371168,7.792798047403834,0.6913446800795434
12.479687370809799,8.863301415883335,0.7069328865175619
13.466471026521157,10.365744239525295,0.7667000670919294
15.986999256489021,12.341195480918223,0.7693873805570893
13.51917611917409,9.331527515167299,0.6872110721296583
14.522530392243556,9.738069617784006,0.66772589596116
11.306141267426456,8.844174276282734,0.7786188114989424
14.085719614290381,11.613704869504824,0.8215913127905776
16.596947437155816,9.217237459687905,0.5528870591675753
14.54337342578321,12.07147206114049,0.8272133093833839
14.29624916071103,11.53915875549642,0.8042780051074987
13.968260112293931,8.550278188546338,0.6091866932701975
10.582908921098966,9.417111103013632,0.8859672867750603
14.189059421382009,10.578715807567795,0.7426648585097986
11.080760444456416,9.81628846766292,0.88218570527381
11.450926947587085,10.309185022116209,0.896712123753431
12.561949979612223,8.915189417054293,0.7064340672791177
15.598539668123973,12.188106374807168,0.7787335630930952
15.140397247532281,11.897131548000758,0.7830792913926468
12.50757256130998,10.910876732664136,0.8690636555879936
17.00722542803728,12.213299054355668,0.7157133952190115
13.102231438568325,10.424707767453482,0.7925144519190469
16.07806840784423,9.960958018222398,0.6169869269484268
12.448745017240615,8.75976903735728,0.700373332836556
13.614054568727848,10.510003228008538,0.7689849614718272
10.375393277734638,6.852729137129058,0.6565273194749038
12.852553702119419,9.00610262054252,0.6975347334331038
15.524767958259686,12.510978334474709,0.8032312217484882
17.761832765636193,15.110972242786172,0.8484469165784534
12.174613782887077,9.310838352663987,0.7614071803816799
14.868412692644526,9.590358762367512,0.6422581185879798
14.439868863993976,12.42909212015787,0.8579089074034293
12.899634320011119,9.654199310383197,0.7452303741254357
11.656501905145198,9.20959608405364,0.7865649710919368
14.24077309314481,9.369453469708805,0.6550524615969981
13.208972931019122,8.983807031839671,0.677025161497526
18.14880849215066,9.881062819141711,0.5421878148858933
17.87812272477138,12.860301633140853,0.7170384626221868
17.40244863113883,10.355123657070369,0.5926823216483992
13.981403089100706,9.592191486555807,0.6831354067748394
14.40256208168127,10.784772627510861,0.7459625979447052
14.084062738252829,12.542529941339852,0.8876366268509469
16.188158725623886,12.174582439217726,0.7495344371692959
13.262108558365373,9.151112573854387,0.686927914498783
17.559435156901582,11.214845547340154,0.6363442472663121
11.528454117729403,9.31366538026625,0.8043286016991632
15.650794975647267,9.716596646657468,0.6182175833056887
16.110168740653734,14.294038291335054,0.88472309140796
14.866741344540685,12.207760762869922,0.8183878686594462
10.529058927925593,8.776144602313552,0.829622539118463
12.56131624375024,10.629839794872547,0.8429721527105825
13.774726613637412,9.602990486607323,0.6941691660973258
15.598828549709395,12.722603052568667,0.8129843220057011
15.21834091929945,11.498225405695287,0.7528564031027569
12.899164323404321,9.84794342695379,0.7602774242638349
12.50400119209987,12.284555230669882,0.979170990355108
13.303705486203773,9.975775609359808,0.7467675543225444
12.260630266237225,6.805625940417509,0.5517355791280676
14.400031183556747,13.68314131995651,0.9473688734462142
13.616001075705183,11.143259302280258,0.8153832568425574
12.4221516267966,10.126839367668108,0.8119237045787875
13.626186378024274,10.641956728526623,0.7779841280920234
12.512885454525852,10.970396303338392,0.8734513188870661
12.843979688314214,11.1876169693793,0.8678476017461147
12.966527762801878,8.9258385267336,0.6852133963127932
13.817029986876136,10.764738817577198,0.7761247408280183
15.441173642023282,9.012229589444424,0.5809940226971574
15.40155938194459,12.679167887611298,0.8205771619740762
16.935189346198047,12.404120334442355,0.7300255156118391
12.733913761290333,10.660899904264955,0.8339855368385057
16.262729791154744,11.954605101809628,0.7325710538638727
12.885311230767693,8.012287148732952,0.6186336523792317
16.821459822420504,14.308759146935381,0.8481879276564678
13.303285863448306,9.942336073174978,0.744277479624758
15.849509352471236,11.590699950220937,0.7287102517416492
15.317657724782602,12.668951237365395,0.8244048446737713
15.146456730331733,11.795325667835495,0.776044581060118
11.124717418387446,8.823819860779425,0.7894870072171698
10.405676050438599,6.970877721978227,0.6659709266738255
17.04567373250266,13.120006087376629,0.767291823874207
12.943017118997705,9.247633591892729,0.7113205141619778
15.16804899455152,9.37676245672133,0.6154886801904983
14.041226991235897,11.990497050690692,0.8510294049194704
15.240012106443315,12.155477746067264,0.7949126064634419
14.44037065990971,10.896510118400581,0.7517473321192751
16.944511024742635,11.127200522102617,0.6542650009737299
15.070868114177504,11.969710348559058,0.7915078453468418
17.74134974180217,10.357467970486276,0.5814928469719872
12.957017830657364,9.841311830407337,0.7563709457294253
15.380246448456392,13.924364919909596,0.9026750622258705
16.63386811880877,13.806332843736655,0.8275485139966623
10.283085781121738,8.471876174040172,0.8198780359800212
15.240412215322088,13.310462862646983,0.8706761126386336
15.317660415525925,11.899702896394116,0.7741849978848061
14.41777457757187,12.29383871550873,0.8498425779640854
14.00823498420298,11.625416804725496,0.8269719074379597
14.099857968229731,9.336642005974385,0.6592720314573122
14.160599842044169,10.202933976871527,0.7176203049463892
16.2917498789287,10.446528624307462,0.6386992619967535
18.028271695627325,13.302434822271803,0.735591023153279
13.392537561072674,8.71776305825337,0.647880434808234
12.620609550574835,8.559129799943344,0.6749380658524029
15.34975144040565,10.673567435712393,0.6926866195190587
11.30301645331856,6.488408871749734,0.5704148886606971
12.505861392114875,10.225898997943371,0.8144100337114799
15.795598437914185,11.162649124484753,0.70409799085481
15.802966126360623,10.354825732853906,0.6526512586551465
14.844986954334743,10.687413037426602,0.7171722730492426
15.935546053096248,12.17666260476844,0.7615467059825354
12.324267626864652,10.234492336221237,0.827107349892442
14.807086458264942,11.596127085433542,0.7803781735186507
13.380071235885621,8.021531200358748,0.5964490815979216
14.987035150605577,11.456988266163856,0.761724260432029
15.243639002111523,12.05842521841491,0.7883567182842809
